<?xml version="1.0" encoding="UTF-8"?>
<project-private xmlns="http://www.netbeans.org/ns/project-private/1">
    <code-assistance-data xmlns="http://www.netbeans.org/ns/make-project-private/1">
        <code-model-enabled>true</code-model-enabled>
    </code-assistance-data>
    <data xmlns="http://www.netbeans.org/ns/make-project-private/1">
        <activeConfTypeElem>0</activeConfTypeElem>
        <activeConfIndexElem>0</activeConfIndexElem>
    </data>
    <editor-bookmarks xmlns="http://www.netbeans.org/ns/editor-bookmarks/2" lastBookmarkId="0"/>
    <open-files xmlns="http://www.netbeans.org/ns/projectui-open-files/2">
        <group>
            <file>file:/home/ktr/Desktop/D/SC2021/PaKis/painless-src/solvers/SolverFactory.h</file>
            <file>file:/home/ktr/Desktop/D/SC2021/PaKis/painless-src/painless.cpp</file>
            <file>file:/home/ktr/Desktop/D/SC2021/PaKis/kissat/src/internal.c</file>
            <file>file:/home/ktr/Desktop/D/SC2021/PaKis/kissat/src/internal.h</file>
            <file>file:/home/ktr/Desktop/D/SC2021/PaKis/kissat/src/makefile</file>
            <file>file:/home/ktr/Desktop/D/SC2021/PaKis/kissat/src/statistics.h</file>
            <file>file:/home/ktr/Desktop/D/SC2021/PaKis/painless-src/painless.h</file>
            <file>file:/home/ktr/Desktop/D/SC2021/PaKis/kissat/src/analyze.c</file>
            <file>file:/home/ktr/Desktop/D/SC2021/PaKis/kissat/src/config.c</file>
            <file>file:/home/ktr/Desktop/D/SC2021/PaKis/Makefile</file>
            <file>file:/home/ktr/Desktop/D/SC2021/PaKis/kissat/src/application.h</file>
            <file>file:/home/ktr/Desktop/D/SC2021/PaKis/painless-src/working/SequentialWorker.cpp</file>
            <file>file:/home/ktr/Desktop/D/SC2021/PaKis/kissat/src/application.c</file>
            <file>file:/home/ktr/Desktop/D/SC2021/PaKis/kissat/src/config.h</file>
            <file>file:/home/ktr/Desktop/D/SC2021/PaKis/kissat/src/witness.c</file>
            <file>file:/home/ktr/Desktop/D/SC2021/PaKis/kissat/configure</file>
            <file>file:/home/ktr/Desktop/D/SC2021/PaKis/kissat/src/statistics.c</file>
            <file>file:/home/ktr/Desktop/D/SC2021/PaKis/painless-src/utils/SatUtils.cpp</file>
            <file>file:/home/ktr/Desktop/D/SC2021/PaKis/kissat/src/parse.c</file>
            <file>file:/home/ktr/Desktop/D/SC2021/PaKis/painless-src/working/Portfolio.cpp</file>
            <file>file:/home/ktr/Desktop/D/SC2021/PaKis/kissat/src/parse.h</file>
            <file>file:/home/ktr/Desktop/D/SC2021/PaKis/painless-src/Makefile</file>
            <file>file:/home/ktr/Desktop/D/SC2021/PaKis/kissat/src/kissat.h</file>
            <file>file:/home/ktr/Desktop/D/SC2021/PaKis/kissat/makefile.in</file>
            <file>file:/home/ktr/Desktop/D/SC2021/PaKis/kissat/src/strengthen.c</file>
            <file>file:/home/ktr/Desktop/D/SC2021/PaKis/kissat/src/main.c</file>
            <file>file:/home/ktr/Desktop/D/SC2021/PaKis/kissat/src/options.c</file>
            <file>file:/home/ktr/Desktop/D/SC2021/PaKis/painless-src/working/WorkingStrategy.h</file>
            <file>file:/home/ktr/Desktop/D/SC2021/PaKis/kissat/src/print.c</file>
            <file>file:/home/ktr/Desktop/D/SC2021/PaKis/kissat/src/search.c</file>
            <file>file:/home/ktr/Desktop/D/SC2021/PaKis/kissat/src/restart.c</file>
            <file>file:/home/ktr/Desktop/D/SC2021/PaKis/painless-src/solvers/KissatSolver.cpp</file>
            <file>file:/home/ktr/Desktop/D/SC2021/PaKis/painless-src/solvers/SolverInterface.h</file>
            <file>file:/home/ktr/Desktop/D/SC2021/PaKis/painless-src/solvers/SolverFactory.cpp</file>
            <file>file:/home/ktr/Desktop/D/SC2021/PaKis/kissat/README.md</file>
            <file>file:/home/ktr/Desktop/D/SC2021/PaKis/kissat/src/decide.c</file>
            <file>file:/home/ktr/Desktop/D/SC2021/PaKis/painless-src/solvers/KissatSolver.h</file>
        </group>
    </open-files>
</project-private>
