<?xml version="1.0" encoding="UTF-8"?>
<configurationDescriptor version="100">
  <logicalFolder name="root" displayName="root" projectFiles="true" kind="ROOT">
    <df root="kissat" name="0">
    </df>
    <df root="painless-src" name="1">
    </df>
    <df root="." name="2">
      <df name="painless-src">
        <df name="clauses">
          <in>ClauseBuffer.cpp</in>
          <in>ClauseDatabase.cpp</in>
        </df>
        <df name="sharing">
          <in>HordeSatSharing.cpp</in>
          <in>Sharer.cpp</in>
          <in>SimpleSharing.cpp</in>
        </df>
        <df name="solvers">
          <in>KissatSolver.cpp</in>
          <in>SolverFactory.cpp</in>
        </df>
        <df name="utils">
          <in>Logger.cpp</in>
          <in>Parameters.cpp</in>
          <in>SatUtils.cpp</in>
          <in>System.cpp</in>
        </df>
        <df name="working">
          <in>Portfolio.cpp</in>
          <in>SequentialWorker.cpp</in>
        </df>
        <in>painless.cpp</in>
      </df>
    </df>
    <logicalFolder name="ExternalFiles"
                   displayName="Important Files"
                   projectFiles="false"
                   kind="IMPORTANT_FILES_FOLDER">
      <itemPath>Makefile</itemPath>
      <itemPath>nbproject/private/launcher.properties</itemPath>
    </logicalFolder>
  </logicalFolder>
  <sourceFolderFilter>^(nbproject)$</sourceFolderFilter>
  <sourceRootList>
    <Elem>.</Elem>
  </sourceRootList>
  <projectmakefile>Makefile</projectmakefile>
  <confs>
    <conf name="Default" type="0">
      <toolsSet>
        <compilerSet>default</compilerSet>
        <dependencyChecking>false</dependencyChecking>
        <rebuildPropChanged>false</rebuildPropChanged>
      </toolsSet>
      <flagsDictionary>
        <element flagsID="0" commonFlags="-std=c++11 -O3"/>
      </flagsDictionary>
      <codeAssistance>
      </codeAssistance>
      <makefileType>
        <makeTool>
          <buildCommandWorkingDir>.</buildCommandWorkingDir>
          <buildCommand>${MAKE} -f Makefile</buildCommand>
          <cleanCommand>${MAKE} -f Makefile clean</cleanCommand>
          <executablePath></executablePath>
        </makeTool>
        <preBuild>
          <preBuildCommandWorkingDir>.</preBuildCommandWorkingDir>
          <preBuildCommand></preBuildCommand>
        </preBuild>
      </makefileType>
      <folder path="2/painless-src">
        <ccTool>
          <incDir>
            <pElem>cadical-rel-1.4.0</pElem>
          </incDir>
          <preprocessorList>
            <Elem>NDEBUG</Elem>
            <Elem>__STDC_FORMAT_MACROS</Elem>
            <Elem>__STDC_LIMIT_MACROS</Elem>
          </preprocessorList>
        </ccTool>
      </folder>
      <folder path="2/painless-src/clauses">
        <ccTool>
          <incDir>
            <pElem>painless-src</pElem>
          </incDir>
        </ccTool>
      </folder>
      <folder path="2/painless-src/sharing">
        <ccTool>
          <incDir>
            <pElem>painless-src</pElem>
          </incDir>
        </ccTool>
      </folder>
      <folder path="2/painless-src/solvers">
        <ccTool>
          <incDir>
            <pElem>painless-src</pElem>
          </incDir>
        </ccTool>
      </folder>
      <folder path="2/painless-src/utils">
        <ccTool>
          <incDir>
            <pElem>painless-src</pElem>
          </incDir>
        </ccTool>
      </folder>
      <folder path="2/painless-src/working">
        <ccTool>
          <incDir>
            <pElem>painless-src</pElem>
          </incDir>
        </ccTool>
      </folder>
      <item path="painless-src/clauses/ClauseBuffer.cpp"
            ex="false"
            tool="1"
            flavor2="8">
        <ccTool flags="0">
        </ccTool>
      </item>
      <item path="painless-src/clauses/ClauseDatabase.cpp"
            ex="false"
            tool="1"
            flavor2="8">
        <ccTool flags="0">
        </ccTool>
      </item>
      <item path="painless-src/painless.cpp" ex="false" tool="1" flavor2="8">
        <ccTool flags="0">
        </ccTool>
      </item>
      <item path="painless-src/sharing/HordeSatSharing.cpp"
            ex="false"
            tool="1"
            flavor2="8">
        <ccTool flags="0">
        </ccTool>
      </item>
      <item path="painless-src/sharing/Sharer.cpp" ex="false" tool="1" flavor2="8">
        <ccTool flags="0">
        </ccTool>
      </item>
      <item path="painless-src/sharing/SimpleSharing.cpp"
            ex="false"
            tool="1"
            flavor2="8">
        <ccTool flags="0">
        </ccTool>
      </item>
      <item path="painless-src/solvers/KissatSolver.cpp"
            ex="false"
            tool="1"
            flavor2="8">
        <ccTool flags="0">
        </ccTool>
      </item>
      <item path="painless-src/solvers/SolverFactory.cpp"
            ex="false"
            tool="1"
            flavor2="8">
        <ccTool flags="0">
        </ccTool>
      </item>
      <item path="painless-src/utils/Logger.cpp" ex="false" tool="1" flavor2="8">
        <ccTool flags="0">
        </ccTool>
      </item>
      <item path="painless-src/utils/Parameters.cpp" ex="false" tool="1" flavor2="8">
        <ccTool flags="0">
        </ccTool>
      </item>
      <item path="painless-src/utils/SatUtils.cpp" ex="false" tool="1" flavor2="8">
        <ccTool flags="0">
        </ccTool>
      </item>
      <item path="painless-src/utils/System.cpp" ex="false" tool="1" flavor2="8">
        <ccTool flags="0">
        </ccTool>
      </item>
      <item path="painless-src/working/Portfolio.cpp" ex="false" tool="1" flavor2="8">
        <ccTool flags="0">
        </ccTool>
      </item>
      <item path="painless-src/working/SequentialWorker.cpp"
            ex="false"
            tool="1"
            flavor2="8">
        <ccTool flags="0">
        </ccTool>
      </item>
    </conf>
  </confs>
</configurationDescriptor>
